,Model,MSE,RMSE,MAE
6,LSTM,15.751339844731271,3.9687957675762644,3.186624713621945
0,SARIMAX,41.44052623317075,6.437431648815446,4.985090620899505
1,ARIMA,41.87887658599947,6.471389077006533,4.933361008420623
2,AutoReg,41.9639857996455,6.477961546632204,4.92614869434844
3,XGBoost,44.387442199670524,6.662390126649034,5.238426993944942
5,VAR,44.39191025897278,6.662725437759894,5.1189481746141015
4,Decision Tree,77.08519649040058,8.779817565895124,6.385832214725305
